[
  {
    "id": "3911dcec-c138-4968-b4d5-968c5436cafb",
    "data": [
      {
        "text": "value",
        "meta": "@sys.number-integer",
        "alias": "number-integer",
        "userDefined": true
      },
      {
        "text": " ",
        "userDefined": false
      },
      {
        "text": "lakhs",
        "userDefined": false
      }
    ],
    "isTemplate": false,
    "count": 0,
    "lang": "en",
    "updated": 0
  },
  {
    "id": "c176f0ab-b806-4e9b-91cb-21ace3dc64fd",
    "data": [
      {
        "text": "value",
        "meta": "@sys.number-integer",
        "alias": "number-integer",
        "userDefined": true
      }
    ],
    "isTemplate": false,
    "count": 0,
    "lang": "en",
    "updated": 0
  }
]