[
  {
    "id": "dc08eedb-cf04-4427-b3a9-680972e1aff6",
    "data": [
      {
        "text": "corporate",
        "meta": "@GHIInsuranceSearchKeywords",
        "alias": "ghiinsurancesearchkeywords",
        "userDefined": false
      }
    ],
    "isTemplate": false,
    "count": 0,
    "lang": "en",
    "updated": 0
  },
  {
    "id": "b0ffb33c-3fa1-4b9f-b79c-ef22ad5b02ca",
    "data": [
      {
        "text": "group",
        "meta": "@GHIInsuranceSearchKeywords",
        "alias": "ghiinsurancesearchkeywords",
        "userDefined": true
      },
      {
        "text": " health",
        "userDefined": false
      }
    ],
    "isTemplate": false,
    "count": 0,
    "lang": "en",
    "updated": 0
  },
  {
    "id": "5a06f913-7f8e-464a-8dc4-028fc5408d74",
    "data": [
      {
        "text": "ghi",
        "meta": "@GHIInsuranceSearchKeywords",
        "alias": "ghiinsurancesearchkeywords",
        "userDefined": false
      }
    ],
    "isTemplate": false,
    "count": 0,
    "lang": "en",
    "updated": 0
  },
  {
    "id": "ea516316-e8c2-47f3-971a-ed00f97b34f4",
    "data": [
      {
        "text": "group",
        "meta": "@GHIInsuranceSearchKeywords",
        "alias": "ghiinsurancesearchkeywords",
        "userDefined": false
      }
    ],
    "isTemplate": false,
    "count": 0,
    "lang": "en",
    "updated": 0
  }
]