[
  {
    "id": "f9bd6c5f-548c-4786-9420-325c4efda1e7",
    "data": [
      {
        "text": "value",
        "meta": "@sys.number-integer",
        "alias": "number-integer",
        "userDefined": true
      }
    ],
    "isTemplate": false,
    "count": 0,
    "lang": "en",
    "updated": 0
  },
  {
    "id": "e9da919a-c870-4c9a-be6d-4dd2b1a876d7",
    "data": [
      {
        "text": "lakhs",
        "meta": "@sys.number-integer",
        "alias": "number-integer",
        "userDefined": true
      }
    ],
    "isTemplate": false,
    "count": 0,
    "lang": "en",
    "updated": 0
  }
]