[
  {
    "id": "ee9b3c0a-3ccd-46ba-aee5-6955439a2475",
    "data": [
      {
        "text": "structure",
        "meta": "@HomeInsuranceTypes",
        "alias": "homeinsurancetypes",
        "userDefined": true
      },
      {
        "text": " ",
        "userDefined": false
      },
      {
        "text": "only",
        "userDefined": true
      }
    ],
    "isTemplate": false,
    "count": 1,
    "lang": "en",
    "updated": 0
  },
  {
    "id": "9e2d1cc3-3b3a-4c01-9a46-ce80e255ad1e",
    "data": [
      {
        "text": "building",
        "meta": "@HomeInsuranceTypes",
        "alias": "homeinsurancetypes",
        "userDefined": true
      },
      {
        "text": " only",
        "userDefined": false
      }
    ],
    "isTemplate": false,
    "count": 0,
    "lang": "en",
    "updated": 0
  },
  {
    "id": "5a02c04b-f1ee-49ab-92d8-dad1ffcf8c40",
    "data": [
      {
        "text": "structure",
        "meta": "@HomeInsuranceTypes",
        "alias": "homeinsurancetypes",
        "userDefined": false
      }
    ],
    "isTemplate": false,
    "count": 0,
    "lang": "en",
    "updated": 0
  },
  {
    "id": "c27ce678-c7ec-4385-aa86-0db5712841e1",
    "data": [
      {
        "text": "content",
        "meta": "@HomeInsuranceTypes",
        "alias": "homeinsurancetypes",
        "userDefined": false
      }
    ],
    "isTemplate": false,
    "count": 0,
    "lang": "en",
    "updated": 0
  },
  {
    "id": "7c76048a-1362-459a-aa66-c44550f8a1b0",
    "data": [
      {
        "text": "building",
        "meta": "@HomeInsuranceTypes",
        "alias": "homeinsurancetypes",
        "userDefined": false
      }
    ],
    "isTemplate": false,
    "count": 0,
    "lang": "en",
    "updated": 0
  },
  {
    "id": "ed859f80-8456-4005-b2a1-463452eda7f5",
    "data": [
      {
        "text": "for ",
        "userDefined": false
      },
      {
        "text": "building",
        "meta": "@HomeInsuranceTypes",
        "alias": "homeinsurancetypes",
        "userDefined": true
      },
      {
        "text": " only",
        "userDefined": false
      }
    ],
    "isTemplate": false,
    "count": 0,
    "lang": "en",
    "updated": 0
  },
  {
    "id": "2c498aea-3956-48e8-bcaf-9304726d0a11",
    "data": [
      {
        "text": "for ",
        "userDefined": false
      },
      {
        "text": "content",
        "meta": "@HomeInsuranceTypes",
        "alias": "homeinsurancetypes",
        "userDefined": true
      },
      {
        "text": " only",
        "userDefined": false
      }
    ],
    "isTemplate": false,
    "count": 0,
    "lang": "en",
    "updated": 0
  },
  {
    "id": "b3c8d313-75d9-4ec3-a6e2-6d1efee906f9",
    "data": [
      {
        "text": "for ",
        "userDefined": false
      },
      {
        "text": "structure",
        "meta": "@HomeInsuranceTypes",
        "alias": "homeinsurancetypes",
        "userDefined": true
      },
      {
        "text": " only",
        "userDefined": false
      }
    ],
    "isTemplate": false,
    "count": 0,
    "lang": "en",
    "updated": 0
  }
]