[
  {
    "id": "16ab3cf3-52bb-478e-ac33-ae20bcd3a5e9",
    "data": [
      {
        "text": "my name is ",
        "userDefined": false
      },
      {
        "text": "name",
        "meta": "@sys.person",
        "alias": "person",
        "userDefined": true
      }
    ],
    "isTemplate": false,
    "count": 0,
    "lang": "en",
    "updated": 0
  },
  {
    "id": "71720b4e-4b3d-4762-9b2e-cd7fb436783a",
    "data": [
      {
        "text": "name",
        "meta": "@sys.person",
        "alias": "person",
        "userDefined": true
      }
    ],
    "isTemplate": false,
    "count": 0,
    "lang": "en",
    "updated": 0
  }
]