[
  {
    "id": "098dbfaa-240a-4a5c-a686-6769bf13aa4e",
    "data": [
      {
        "text": "value",
        "meta": "@sys.number",
        "alias": "number",
        "userDefined": true
      },
      {
        "text": " years",
        "userDefined": false
      }
    ],
    "isTemplate": false,
    "count": 1,
    "lang": "en",
    "updated": 0
  },
  {
    "id": "8bd834f7-0c48-454b-82e1-cc7ef9517ad8",
    "data": [
      {
        "text": "value",
        "meta": "@sys.number",
        "alias": "number",
        "userDefined": true
      }
    ],
    "isTemplate": false,
    "count": 0,
    "lang": "en",
    "updated": 0
  }
]