[
  {
    "id": "64ed20b3-9b60-41c5-a9bf-a2524a68f506",
    "data": [
      {
        "text": "home",
        "meta": "@HomeInsuranceSearchKeywords",
        "alias": "homeinsurancesearchkeywords",
        "userDefined": false
      }
    ],
    "isTemplate": false,
    "count": 0,
    "lang": "en",
    "updated": 0
  },
  {
    "id": "a043c6d1-4d0e-42f4-8ae7-2987fe4d6608",
    "data": [
      {
        "text": "home",
        "meta": "@HomeInsuranceSearchKeywords",
        "alias": "homeinsurancesearchkeywords",
        "userDefined": true
      },
      {
        "text": " insurance",
        "userDefined": false
      }
    ],
    "isTemplate": false,
    "count": 0,
    "lang": "en",
    "updated": 0
  },
  {
    "id": "ee526ac9-30bb-4dce-84a3-a860759e7347",
    "data": [
      {
        "text": "property",
        "meta": "@HomeInsuranceSearchKeywords",
        "alias": "homeinsurancesearchkeywords",
        "userDefined": true
      },
      {
        "text": " ",
        "userDefined": false
      },
      {
        "text": "insurance",
        "userDefined": false
      }
    ],
    "isTemplate": false,
    "count": 0,
    "lang": "en",
    "updated": 0
  },
  {
    "id": "3fd65469-2c91-4127-af04-08f50fbe0b78",
    "data": [
      {
        "text": "property",
        "meta": "@HomeInsuranceSearchKeywords",
        "alias": "homeinsurancesearchkeywords",
        "userDefined": false
      }
    ],
    "isTemplate": false,
    "count": 0,
    "lang": "en",
    "updated": 0
  },
  {
    "id": "32e72962-79a5-4105-8254-d9a32c1008f6",
    "data": [
      {
        "text": "content",
        "meta": "@HomeInsuranceSearchKeywords",
        "alias": "homeinsurancesearchkeywords",
        "userDefined": false
      },
      {
        "text": " ",
        "userDefined": false
      },
      {
        "text": "insurance",
        "userDefined": false
      }
    ],
    "isTemplate": false,
    "count": 0,
    "lang": "en",
    "updated": 0
  },
  {
    "id": "4b29a47a-167f-400a-8d51-4316dfdff465",
    "data": [
      {
        "text": "content",
        "meta": "@HomeInsuranceSearchKeywords",
        "alias": "homeinsurancesearchkeywords",
        "userDefined": true
      }
    ],
    "isTemplate": false,
    "count": 0,
    "lang": "en",
    "updated": 0
  },
  {
    "id": "323559c9-7c41-442d-a1b8-6816b494bcf8",
    "data": [
      {
        "text": "structure",
        "meta": "@HomeInsuranceSearchKeywords",
        "alias": "homeinsurancesearchkeywords",
        "userDefined": false
      }
    ],
    "isTemplate": false,
    "count": 0,
    "lang": "en",
    "updated": 0
  },
  {
    "id": "b2560c73-060a-461c-9097-7af7318cdf5f",
    "data": [
      {
        "text": "building",
        "meta": "@HomeInsuranceSearchKeywords",
        "alias": "homeinsurancesearchkeywords",
        "userDefined": true
      }
    ],
    "isTemplate": false,
    "count": 0,
    "lang": "en",
    "updated": 0
  }
]