[
  {
    "value": "structure",
    "synonyms": [
      "structure"
    ]
  },
  {
    "value": "content",
    "synonyms": [
      "content (house-holds)"
    ]
  },
  {
    "value": "structure and content",
    "synonyms": [
      "structure and content"
    ]
  },
  {
    "value": "structure only",
    "synonyms": [
      "structure"
    ]
  },
  {
    "value": "content only",
    "synonyms": [
      "content"
    ]
  },
  {
    "value": "building",
    "synonyms": [
      "building"
    ]
  },
  {
    "value": "building only",
    "synonyms": [
      "building"
    ]
  },
  {
    "value": "building and content",
    "synonyms": [
      "Building and Content"
    ]
  }
]